[
    {
        "id": 1,
        "priority": 1,
        "action": {
            "type": "redirect",
            "redirect": {
                "transform": {
                    "queryTransform": {
                        "addOrReplaceParams": [
                            {
                                "key": "runningOnMobile",
                                "value": "1"
                            }
                        ],
                        "removeParams": []
                    }
                }
            }
        },
        "condition": {
            "urlFilter": "*deepLink=*",
            "resourceTypes": [
                "sub_frame"
            ]
        }
    }
]